id,invoice_id,tanggal_transaksi,customer_id,nama_produk,jenis_produk,kategori_produk,quantity,harga_jual,jenis_pembayaran,jenis_pesanan,nilai_penjualan
1,1,4/11/22,44,Indomie Ayam Spesial,mie-kuah,makanan,2,9000,QRIS-OVO,Dine-In,18000
2,2,8/1/22,10,Indomie Ayam Spesial,mie-kuah,makanan,2,9000,CASH,Delivery,18000
3,3,4/3/22,62,Indomie Rasa Soto Betawi,mie-kuah,makanan,1,10000,QRIS-OTHERS,Delivery,10000
4,4,3/19/22,48,Indomie Rasa Soto Padang,mie-kuah,makanan,3,10000,CASH,Dine-In,30000
5,5,4/29/22,87,Indomie Rasa Sop Buntut,mie-kuah,makanan,2,10000,QRIS-OVO,Dine-In,20000
6,6,7/23/22,80,Indomie Ayam Spesial,mie-kuah,makanan,1,9000,CASH,Delivery,9000
7,7,2/4/22,15,Indomie Baso Sapi,mie-kuah,makanan,1,9000,CASH,Dine-In,9000
8,8,1/8/22,94,Indomie Rasa Sop Buntut,mie-kuah,makanan,2,10000,QRIS-OVO,Dine-In,20000
9,9,1/3/22,6,Indomie Soto Mie,mie-kuah,makanan,2,9000,QRIS-DANA,Dine-In,18000
10,10,6/11/22,86,Indomie Goreng Cabe Ijo,mie-goreng,makanan,1,9000,QRIS-OVO,Delivery,9000
11,11,1/8/22,41,Indomie Goreng Aceh,mie-goreng,makanan,2,9000,QRIS-GOPAY,Delivery,18000
12,12,1/26/22,43,Indomie Goreng Sambal Matah,mie-goreng,makanan,3,9000,CASH,Delivery,27000
13,13,1/11/22,46,Indomie Goreng Cabe Ijo,mie-goreng,makanan,1,9000,QRIS-OTHERS,Dine-In,9000
14,14,7/15/22,58,Indomie Rasa Mi Kocok Bandung,mie-kuah,makanan,2,10000,QRIS-GOPAY,Delivery,20000
15,15,8/19/22,20,Indomie Ayam Spesial,mie-kuah,makanan,1,9000,CASH,Delivery,9000
16,16,5/18/22,9,Indomie Rasa Mi Kocok Bandung,mie-kuah,makanan,1,10000,QRIS-OVO,Delivery,10000
17,17,4/13/22,73,Indomie Soto Mie,mie-kuah,makanan,2,9000,QRIS-GOPAY,Dine-In,18000
18,18,6/1/22,8,Indomie Rasa Mi Kocok Bandung,mie-kuah,makanan,1,10000,QRIS-OTHERS,Dine-In,10000
19,19,5/17/22,66,Indomie Rasa Soto Betawi,mie-kuah,makanan,3,10000,QRIS-GOPAY,Dine-In,30000
20,20,2/27/22,6,Indomie Ayam Spesial,mie-kuah,makanan,1,9000,QRIS-SHOPEEPAY,Dine-In,9000
21,21,6/14/22,14,Indomie Goreng Aceh,mie-goreng,makanan,2,9000,QRIS-OVO,Delivery,18000
22,22,8/21/22,10,Indomie Goreng Spesial,mie-goreng,makanan,2,9000,QRIS-OVO,Delivery,18000
23,23,6/20/22,66,Indomie Rasa Sop Buntut,mie-kuah,makanan,1,10000,QRIS-OTHERS,Delivery,10000
24,24,5/3/22,82,Indomie Rasa Mi Kocok Bandung,mie-kuah,makanan,1,10000,QRIS-SHOPEEPAY,Dine-In,10000
25,25,3/15/22,40,Indomie Ayam Spesial,mie-kuah,makanan,3,9000,QRIS-DANA,Dine-In,27000
26,26,8/20/22,6,Indomie Rasa Mi Kocok Bandung,mie-kuah,makanan,2,10000,QRIS-SHOPEEPAY,Dine-In,20000
27,27,8/13/22,7,Indomie Goreng Aceh,mie-goreng,makanan,3,9000,QRIS-SHOPEEPAY,Delivery,27000
28,28,7/17/22,73,Indomie Baso Sapi,mie-kuah,makanan,2,9000,QRIS-GOPAY,Delivery,18000
29,29,3/29/22,78,Indomie Baso Sapi,mie-kuah,makanan,3,9000,QRIS-SHOPEEPAY,Dine-In,27000
30,30,5/18/22,62,Indomie Rasa Soto Banjar Limau Kuit,mie-kuah,makanan,1,10000,CASH,Delivery,10000
31,31,8/3/22,8,Indomie Goreng Pedas,mie-goreng,makanan,1,9000,QRIS-OTHERS,Delivery,9000
32,32,7/17/22,93,Indomie Goreng Cabe Ijo,mie-goreng,makanan,3,9000,QRIS-DANA,Delivery,27000
33,33,1/25/22,75,Indomie Baso Sapi,mie-kuah,makanan,2,9000,QRIS-DANA,Delivery,18000
34,34,1/11/22,74,indomie Kari Ayam,mie-kuah,makanan,1,9000,CASH,Delivery,9000
35,35,5/20/22,7,Indomie Goreng Rendang,mie-goreng,makanan,1,9000,CASH,Dine-In,9000
36,36,6/7/22,72,Indomie Goreng Spesial,mie-goreng,makanan,2,9000,QRIS-DANA,Dine-In,18000
37,37,7/3/22,95,Indomie Rasa Sop Buntut,mie-kuah,makanan,2,10000,QRIS-GOPAY,Dine-In,20000
38,38,2/9/22,14,indomie Ayam Bawang,mie-kuah,makanan,2,9000,QRIS-DANA,Dine-In,18000
39,39,1/19/22,61,Indomie Goreng Rendang,mie-goreng,makanan,3,9000,QRIS-SHOPEEPAY,Delivery,27000
40,40,3/24/22,69,indomie Ayam Bawang,mie-kuah,makanan,2,9000,QRIS-OVO,Dine-In,18000
41,41,6/30/22,46,Indomie Rasa Soto Lamongan,mie-kuah,makanan,3,10000,QRIS-OTHERS,Delivery,30000
42,42,7/1/22,90,Indomie Goreng Cabe Ijo,mie-goreng,makanan,3,9000,QRIS-OVO,Delivery,27000
43,43,6/15/22,80,indomie Kari Ayam,mie-kuah,makanan,2,9000,CASH,Delivery,18000
44,44,4/13/22,95,Indomie Rasa Soto Padang,mie-kuah,makanan,2,10000,QRIS-OTHERS,Delivery,20000
45,45,3/16/22,25,indomie Kari Ayam,mie-kuah,makanan,1,9000,QRIS-OVO,Dine-In,9000
46,46,3/22/22,38,Indomie Soto Mie,mie-kuah,makanan,2,9000,QRIS-OVO,Dine-In,18000
47,47,7/28/22,22,Indomie Rasa Soto Padang,mie-kuah,makanan,2,10000,QRIS-SHOPEEPAY,Delivery,20000
48,48,1/5/22,45,Indomie Goreng Pedas,mie-goreng,makanan,1,9000,QRIS-GOPAY,Delivery,9000
49,49,2/4/22,89,Indomie Goreng Pedas,mie-goreng,makanan,2,9000,QRIS-OVO,Delivery,18000
50,50,2/22/22,18,Indomie Goreng Pedas,mie-goreng,makanan,1,9000,QRIS-SHOPEEPAY,Delivery,9000
51,51,6/6/22,51,Indomie Rasa Soto Betawi,mie-kuah,makanan,2,10000,QRIS-DANA,Delivery,20000
52,52,5/9/22,48,Indomie Goreng Aceh,mie-goreng,makanan,1,9000,CASH,Delivery,9000
53,53,4/15/22,96,Indomie Rasa Soto Lamongan,mie-kuah,makanan,1,10000,QRIS-GOPAY,Dine-In,10000
54,54,2/22/22,54,Indomie Baso Sapi,mie-kuah,makanan,3,9000,QRIS-OTHERS,Delivery,27000
55,55,1/28/22,15,Indomie Goreng Pedas,mie-goreng,makanan,2,9000,QRIS-OVO,Dine-In,18000
56,56,7/28/22,23,Indomie Rasa Empal Gentong,mie-kuah,makanan,1,10000,QRIS-SHOPEEPAY,Delivery,10000
57,57,6/14/22,50,Indomie Goreng Sambal Matah,mie-goreng,makanan,3,9000,QRIS-OTHERS,Dine-In,27000
58,58,5/18/22,40,Indomie Baso Sapi,mie-kuah,makanan,2,9000,CASH,Delivery,18000
59,59,5/8/22,88,indomie Ayam Bawang,mie-kuah,makanan,2,9000,QRIS-OVO,Delivery,18000
60,60,7/14/22,36,Indomie Goreng Cabe Ijo,mie-goreng,makanan,2,9000,QRIS-OTHERS,Dine-In,18000
61,61,2/13/22,73,indomie Kari Ayam,mie-kuah,makanan,1,9000,CASH,Dine-In,9000
62,62,3/7/22,88,Indomie Rasa Empal Gentong,mie-kuah,makanan,2,10000,QRIS-DANA,Delivery,20000
63,63,6/6/22,60,Indomie Rasa Empal Gentong,mie-kuah,makanan,3,10000,QRIS-OVO,Delivery,30000
64,64,5/1/22,48,Indomie Goreng Spesial,mie-goreng,makanan,1,9000,QRIS-OTHERS,Delivery,9000
65,65,8/17/22,98,Indomie Goreng Rendang,mie-goreng,makanan,3,9000,QRIS-OVO,Dine-In,27000
66,66,7/26/22,81,indomie Kari Ayam,mie-kuah,makanan,1,9000,QRIS-GOPAY,Delivery,9000
67,67,3/22/22,71,Indomie Rasa Mi Kocok Bandung,mie-kuah,makanan,1,10000,QRIS-OVO,Dine-In,10000
68,68,8/24/22,34,Indomie Rasa Soto Lamongan,mie-kuah,makanan,3,10000,QRIS-GOPAY,Dine-In,30000
69,69,2/11/22,12,Indomie Rasa Soto Banjar Limau Kuit,mie-kuah,makanan,1,10000,QRIS-GOPAY,Dine-In,10000
70,70,6/14/22,14,Indomie Ayam Spesial,mie-kuah,makanan,2,9000,QRIS-GOPAY,Delivery,18000
71,71,2/7/22,7,Indomie Rasa Soto Padang,mie-kuah,makanan,3,10000,QRIS-GOPAY,Dine-In,30000
72,72,5/4/22,28,Indomie Rasa Soto Padang,mie-kuah,makanan,2,10000,QRIS-GOPAY,Delivery,20000
73,73,8/14/22,55,Indomie Rasa Soto Lamongan,mie-kuah,makanan,2,10000,QRIS-OTHERS,Dine-In,20000
74,74,8/22/22,51,Indomie Ayam Spesial,mie-kuah,makanan,3,9000,CASH,Dine-In,27000
75,75,4/19/22,36,Indomie Rasa Soto Betawi,mie-kuah,makanan,2,10000,QRIS-OVO,Delivery,20000
76,76,4/10/22,20,Indomie Goreng Cabe Ijo,mie-goreng,makanan,1,9000,QRIS-OVO,Delivery,9000
77,77,4/16/22,61,Indomie Rasa Empal Gentong,mie-kuah,makanan,2,10000,QRIS-OVO,Delivery,20000
78,78,7/28/22,34,indomie Kari Ayam,mie-kuah,makanan,1,9000,QRIS-OVO,Delivery,9000
79,79,7/28/22,27,Indomie Goreng Sambal Matah,mie-goreng,makanan,1,9000,QRIS-DANA,Dine-In,9000
80,80,8/23/22,59,Indomie Goreng Pedas,mie-goreng,makanan,2,9000,CASH,Dine-In,18000
81,81,7/26/22,27,Indomie Rasa Sop Buntut,mie-kuah,makanan,1,10000,CASH,Dine-In,10000
82,82,2/26/22,79,Indomie Goreng Cabe Ijo,mie-goreng,makanan,1,9000,CASH,Delivery,9000
83,83,7/24/22,96,Indomie Goreng Spesial,mie-goreng,makanan,2,9000,QRIS-SHOPEEPAY,Dine-In,18000
84,84,3/28/22,27,Indomie Rasa Soto Lamongan,mie-kuah,makanan,2,10000,CASH,Delivery,20000
85,85,3/18/22,21,Indomie Soto Mie,mie-kuah,makanan,1,9000,QRIS-SHOPEEPAY,Delivery,9000
86,86,3/27/22,16,Indomie Rasa Soto Banjar Limau Kuit,mie-kuah,makanan,1,10000,QRIS-GOPAY,Delivery,10000
87,87,6/20/22,94,Indomie Rasa Mi Kocok Bandung,mie-kuah,makanan,2,10000,QRIS-SHOPEEPAY,Dine-In,20000
88,88,6/12/22,18,Indomie Goreng Cabe Ijo,mie-goreng,makanan,2,9000,QRIS-SHOPEEPAY,Delivery,18000
89,89,5/19/22,65,Indomie Goreng Aceh,mie-goreng,makanan,2,9000,QRIS-GOPAY,Dine-In,18000
90,90,1/23/22,57,Indomie Rasa Soto Banjar Limau Kuit,mie-kuah,makanan,2,10000,CASH,Dine-In,20000
91,91,7/27/22,67,Indomie Rasa Soto Lamongan,mie-kuah,makanan,2,10000,QRIS-DANA,Dine-In,20000
92,92,6/13/22,40,Indomie Rasa Soto Lamongan,mie-kuah,makanan,3,10000,QRIS-SHOPEEPAY,Delivery,30000
93,93,5/14/22,9,Indomie Goreng Pedas,mie-goreng,makanan,1,9000,QRIS-GOPAY,Dine-In,9000
94,94,1/16/22,11,Indomie Baso Sapi,mie-kuah,makanan,1,9000,QRIS-DANA,Dine-In,9000
95,95,6/29/22,80,Indomie Soto Mie,mie-kuah,makanan,2,9000,QRIS-OVO,Delivery,18000
96,96,7/4/22,18,Indomie Baso Sapi,mie-kuah,makanan,2,9000,QRIS-OTHERS,Dine-In,18000
97,97,7/13/22,63,indomie Kari Ayam,mie-kuah,makanan,1,9000,QRIS-OTHERS,Delivery,9000
98,98,3/31/22,50,Indomie Rasa Soto Banjar Limau Kuit,mie-kuah,makanan,1,10000,CASH,Dine-In,10000
99,99,7/13/22,28,Indomie Goreng Cabe Ijo,mie-goreng,makanan,3,9000,CASH,Dine-In,27000
100,100,1/15/22,21,indomie Ayam Bawang,mie-kuah,makanan,2,9000,QRIS-SHOPEEPAY,Delivery,18000
101,101,7/20/22,33,Indomie Goreng Cabe Ijo,mie-goreng,makanan,3,9000,CASH,Dine-In,27000
102,102,3/22/22,74,Indomie Goreng Aceh,mie-goreng,makanan,2,9000,QRIS-OVO,Dine-In,18000
103,103,7/13/22,100,Indomie Rasa Sop Buntut,mie-kuah,makanan,3,10000,CASH,Delivery,30000
104,104,7/14/22,82,Indomie Goreng Spesial,mie-goreng,makanan,3,9000,QRIS-OVO,Dine-In,27000
105,105,2/27/22,56,Indomie Goreng Sambal Matah,mie-goreng,makanan,3,9000,QRIS-OTHERS,Delivery,27000
106,106,6/1/22,84,Indomie Soto Mie,mie-kuah,makanan,2,9000,QRIS-GOPAY,Dine-In,18000
107,107,1/14/22,86,Indomie Rasa Mi Kocok Bandung,mie-kuah,makanan,2,10000,CASH,Dine-In,20000
108,108,7/7/22,8,Indomie Rasa Sop Buntut,mie-kuah,makanan,1,10000,QRIS-GOPAY,Delivery,10000
109,109,6/8/22,23,indomie Kari Ayam,mie-kuah,makanan,3,9000,QRIS-GOPAY,Dine-In,27000
110,110,4/1/22,37,indomie Ayam Bawang,mie-kuah,makanan,3,9000,QRIS-OTHERS,Delivery,27000
111,111,2/8/22,61,Indomie Goreng Spesial,mie-goreng,makanan,2,9000,CASH,Dine-In,18000
112,112,2/15/22,15,Indomie Soto Mie,mie-kuah,makanan,2,9000,QRIS-GOPAY,Delivery,18000
113,113,2/27/22,24,Indomie Goreng Sambal Matah,mie-goreng,makanan,2,9000,CASH,Dine-In,18000
114,114,3/8/22,75,Indomie Rasa Soto Padang,mie-kuah,makanan,3,10000,CASH,Delivery,30000
115,115,5/17/22,95,Indomie Rasa Mi Kocok Bandung,mie-kuah,makanan,2,10000,QRIS-OTHERS,Delivery,20000
116,116,5/2/22,22,Indomie Goreng Pedas,mie-goreng,makanan,3,9000,CASH,Dine-In,27000
117,117,4/10/22,42,Indomie Rasa Soto Betawi,mie-kuah,makanan,3,10000,QRIS-DANA,Delivery,30000
118,118,5/17/22,41,Indomie Rasa Soto Padang,mie-kuah,makanan,1,10000,QRIS-DANA,Dine-In,10000
119,119,1/24/22,27,Indomie Goreng Sambal Matah,mie-goreng,makanan,1,9000,QRIS-OVO,Delivery,9000
120,120,2/23/22,68,Indomie Ayam Spesial,mie-kuah,makanan,1,9000,QRIS-OVO,Delivery,9000
121,121,1/31/22,4,Indomie Goreng Spesial,mie-goreng,makanan,3,9000,QRIS-GOPAY,Delivery,27000
122,122,2/26/22,43,Indomie Rasa Empal Gentong,mie-kuah,makanan,2,10000,QRIS-OVO,Dine-In,20000
123,123,5/9/22,13,Indomie Goreng Aceh,mie-goreng,makanan,3,9000,QRIS-DANA,Delivery,27000
124,124,8/7/22,28,Indomie Rasa Empal Gentong,mie-kuah,makanan,3,10000,QRIS-DANA,Dine-In,30000
125,125,8/12/22,53,Indomie Rasa Soto Betawi,mie-kuah,makanan,1,10000,CASH,Delivery,10000
126,126,8/11/22,50,Indomie Rasa Soto Padang,mie-kuah,makanan,2,10000,QRIS-OTHERS,Dine-In,20000
127,127,1/2/22,62,Indomie Goreng Aceh,mie-goreng,makanan,2,9000,QRIS-GOPAY,Dine-In,18000
128,128,7/24/22,18,Indomie Rasa Soto Banjar Limau Kuit,mie-kuah,makanan,1,10000,CASH,Dine-In,10000
129,129,4/18/22,48,Indomie Goreng Aceh,mie-goreng,makanan,1,9000,CASH,Dine-In,9000
130,130,1/27/22,48,Indomie Ayam Spesial,mie-kuah,makanan,3,9000,CASH,Dine-In,27000
131,131,2/8/22,40,Indomie Rasa Soto Betawi,mie-kuah,makanan,3,10000,CASH,Delivery,30000
132,132,4/11/22,12,Indomie Goreng Rendang,mie-goreng,makanan,3,9000,QRIS-OTHERS,Delivery,27000
133,133,7/11/22,54,Indomie Goreng Rendang,mie-goreng,makanan,3,9000,QRIS-SHOPEEPAY,Dine-In,27000
134,134,7/6/22,46,Indomie Rasa Soto Betawi,mie-kuah,makanan,2,10000,QRIS-SHOPEEPAY,Dine-In,20000
135,135,2/10/22,91,Indomie Rasa Soto Banjar Limau Kuit,mie-kuah,makanan,2,10000,QRIS-SHOPEEPAY,Delivery,20000
136,136,8/25/22,62,Indomie Goreng Pedas,mie-goreng,makanan,2,9000,QRIS-DANA,Dine-In,18000
137,137,5/23/22,85,Indomie Rasa Soto Banjar Limau Kuit,mie-kuah,makanan,3,10000,QRIS-SHOPEEPAY,Dine-In,30000
138,138,6/1/22,30,Indomie Rasa Soto Betawi,mie-kuah,makanan,1,10000,QRIS-OTHERS,Dine-In,10000
139,139,5/6/22,24,Indomie Goreng Aceh,mie-goreng,makanan,3,9000,QRIS-OTHERS,Delivery,27000
140,140,6/4/22,71,Indomie Soto Mie,mie-kuah,makanan,1,9000,CASH,Delivery,9000
141,141,3/29/22,16,Indomie Rasa Soto Banjar Limau Kuit,mie-kuah,makanan,3,10000,QRIS-DANA,Dine-In,30000
142,142,3/15/22,17,Indomie Rasa Empal Gentong,mie-kuah,makanan,2,10000,QRIS-SHOPEEPAY,Dine-In,20000
143,143,5/18/22,34,Indomie Baso Sapi,mie-kuah,makanan,2,9000,QRIS-OTHERS,Delivery,18000
144,144,2/26/22,14,Indomie Rasa Mi Kocok Bandung,mie-kuah,makanan,2,10000,QRIS-GOPAY,Delivery,20000
145,145,2/11/22,88,Indomie Goreng Aceh,mie-goreng,makanan,1,9000,QRIS-GOPAY,Delivery,9000
146,146,7/31/22,26,indomie Ayam Bawang,mie-kuah,makanan,1,9000,QRIS-OTHERS,Dine-In,9000
147,147,6/5/22,18,Indomie Goreng Sambal Matah,mie-goreng,makanan,1,9000,QRIS-SHOPEEPAY,Dine-In,9000
148,148,2/25/22,39,indomie Ayam Bawang,mie-kuah,makanan,3,9000,QRIS-GOPAY,Delivery,27000
149,149,5/2/22,39,Indomie Rasa Soto Lamongan,mie-kuah,makanan,3,10000,QRIS-SHOPEEPAY,Dine-In,30000
150,150,6/15/22,54,indomie Kari Ayam,mie-kuah,makanan,1,9000,QRIS-OVO,Dine-In,9000
151,151,3/20/22,90,Indomie Goreng Sambal Matah,mie-goreng,makanan,3,9000,QRIS-OTHERS,Dine-In,27000
152,152,6/13/22,68,Indomie Rasa Soto Banjar Limau Kuit,mie-kuah,makanan,3,10000,QRIS-OVO,Dine-In,30000
153,153,8/11/22,97,Indomie Rasa Empal Gentong,mie-kuah,makanan,1,10000,QRIS-OVO,Delivery,10000
154,154,5/24/22,34,indomie Ayam Bawang,mie-kuah,makanan,1,9000,QRIS-DANA,Dine-In,9000
155,155,3/11/22,80,indomie Kari Ayam,mie-kuah,makanan,1,9000,CASH,Delivery,9000
156,156,6/19/22,32,Indomie Rasa Empal Gentong,mie-kuah,makanan,1,10000,QRIS-OVO,Delivery,10000
157,157,4/8/22,72,Indomie Goreng Pedas,mie-goreng,makanan,3,9000,QRIS-DANA,Delivery,27000
158,158,5/1/22,10,Indomie Rasa Soto Banjar Limau Kuit,mie-kuah,makanan,1,10000,CASH,Dine-In,10000
159,159,5/27/22,36,Indomie Goreng Sambal Matah,mie-goreng,makanan,1,9000,QRIS-OTHERS,Delivery,9000
160,160,3/19/22,68,indomie Kari Ayam,mie-kuah,makanan,2,9000,QRIS-SHOPEEPAY,Dine-In,18000
161,161,7/24/22,34,Indomie Rasa Soto Lamongan,mie-kuah,makanan,1,10000,QRIS-SHOPEEPAY,Delivery,10000
162,162,1/29/22,47,Indomie Rasa Soto Lamongan,mie-kuah,makanan,1,10000,QRIS-OVO,Dine-In,10000
163,163,6/7/22,97,Indomie Baso Sapi,mie-kuah,makanan,2,9000,QRIS-SHOPEEPAY,Delivery,18000
164,164,2/5/22,23,Indomie Rasa Soto Banjar Limau Kuit,mie-kuah,makanan,3,10000,CASH,Delivery,30000
165,165,5/31/22,35,Indomie Rasa Soto Betawi,mie-kuah,makanan,1,10000,QRIS-GOPAY,Dine-In,10000
166,166,7/9/22,55,Indomie Rasa Soto Betawi,mie-kuah,makanan,1,10000,QRIS-OTHERS,Dine-In,10000
167,167,7/13/22,5,Indomie Rasa Soto Banjar Limau Kuit,mie-kuah,makanan,3,10000,QRIS-GOPAY,Dine-In,30000
168,168,7/5/22,46,Indomie Rasa Soto Betawi,mie-kuah,makanan,2,10000,QRIS-GOPAY,Delivery,20000
169,169,7/28/22,69,Indomie Rasa Mi Kocok Bandung,mie-kuah,makanan,1,10000,QRIS-OTHERS,Dine-In,10000
170,170,3/12/22,72,Indomie Rasa Mi Kocok Bandung,mie-kuah,makanan,1,10000,QRIS-OVO,Delivery,10000
171,171,3/23/22,50,Indomie Rasa Empal Gentong,mie-kuah,makanan,1,10000,QRIS-OTHERS,Dine-In,10000
172,172,3/3/22,57,Indomie Goreng Cabe Ijo,mie-goreng,makanan,3,9000,QRIS-OVO,Dine-In,27000
173,173,8/18/22,51,indomie Kari Ayam,mie-kuah,makanan,1,9000,QRIS-OVO,Dine-In,9000
174,174,4/20/22,16,Indomie Goreng Cabe Ijo,mie-goreng,makanan,2,9000,QRIS-OTHERS,Dine-In,18000
175,175,7/29/22,58,Indomie Goreng Rendang,mie-goreng,makanan,1,9000,QRIS-DANA,Delivery,9000
176,176,2/2/22,87,Indomie Rasa Empal Gentong,mie-kuah,makanan,1,10000,QRIS-OVO,Delivery,10000
177,177,2/7/22,6,Indomie Rasa Mi Kocok Bandung,mie-kuah,makanan,2,10000,QRIS-OVO,Delivery,20000
178,178,8/27/22,95,indomie Ayam Bawang,mie-kuah,makanan,2,9000,QRIS-SHOPEEPAY,Delivery,18000
179,179,8/17/22,35,Indomie Rasa Soto Betawi,mie-kuah,makanan,3,10000,QRIS-GOPAY,Delivery,30000
180,180,6/26/22,18,indomie Kari Ayam,mie-kuah,makanan,1,9000,QRIS-DANA,Delivery,9000
181,181,3/3/22,89,Indomie Goreng Sambal Matah,mie-goreng,makanan,2,9000,QRIS-OVO,Dine-In,18000
182,182,6/1/22,33,Indomie Rasa Soto Banjar Limau Kuit,mie-kuah,makanan,3,10000,QRIS-SHOPEEPAY,Dine-In,30000
183,183,7/30/22,19,Indomie Rasa Mi Kocok Bandung,mie-kuah,makanan,2,10000,QRIS-GOPAY,Dine-In,20000
184,184,1/13/22,1,indomie Ayam Bawang,mie-kuah,makanan,2,9000,QRIS-OTHERS,Dine-In,18000
185,185,7/30/22,65,Indomie Goreng Pedas,mie-goreng,makanan,1,9000,QRIS-SHOPEEPAY,Dine-In,9000
186,186,7/29/22,93,Indomie Rasa Sop Buntut,mie-kuah,makanan,3,10000,QRIS-OVO,Dine-In,30000
187,187,5/24/22,84,Indomie Rasa Soto Lamongan,mie-kuah,makanan,1,10000,QRIS-OVO,Dine-In,10000
188,188,1/24/22,72,Indomie Baso Sapi,mie-kuah,makanan,2,9000,QRIS-DANA,Delivery,18000
189,189,8/14/22,60,indomie Ayam Bawang,mie-kuah,makanan,1,9000,QRIS-DANA,Dine-In,9000
190,190,3/31/22,97,indomie Ayam Bawang,mie-kuah,makanan,3,9000,QRIS-OTHERS,Dine-In,27000
191,191,7/7/22,60,indomie Kari Ayam,mie-kuah,makanan,1,9000,QRIS-DANA,Delivery,9000
192,192,6/2/22,26,Indomie Rasa Soto Banjar Limau Kuit,mie-kuah,makanan,1,10000,QRIS-OTHERS,Delivery,10000
193,193,3/21/22,4,Indomie Rasa Soto Padang,mie-kuah,makanan,2,10000,QRIS-SHOPEEPAY,Delivery,20000
194,194,1/29/22,96,Indomie Goreng Cabe Ijo,mie-goreng,makanan,1,9000,CASH,Dine-In,9000
195,195,2/8/22,22,Indomie Rasa Soto Banjar Limau Kuit,mie-kuah,makanan,2,10000,QRIS-OVO,Dine-In,20000
196,196,7/5/22,6,Indomie Rasa Soto Banjar Limau Kuit,mie-kuah,makanan,1,10000,QRIS-GOPAY,Dine-In,10000
197,197,2/27/22,18,Indomie Soto Mie,mie-kuah,makanan,3,9000,QRIS-DANA,Delivery,27000
198,198,2/26/22,15,Indomie Ayam Spesial,mie-kuah,makanan,3,9000,QRIS-DANA,Dine-In,27000
199,199,7/16/22,20,Indomie Goreng Sambal Matah,mie-goreng,makanan,1,9000,CASH,Delivery,9000
200,200,7/15/22,58,Indomie Ayam Spesial,mie-kuah,makanan,2,9000,QRIS-GOPAY,Dine-In,18000
201,201,6/6/22,39,Indomie Goreng Pedas,mie-goreng,makanan,3,9000,CASH,Dine-In,27000
202,202,8/18/22,12,Indomie Goreng Rendang,mie-goreng,makanan,2,9000,QRIS-DANA,Dine-In,18000
203,203,8/16/22,44,Indomie Goreng Pedas,mie-goreng,makanan,1,9000,CASH,Dine-In,9000
204,204,6/1/22,56,Indomie Rasa Soto Lamongan,mie-kuah,makanan,3,10000,CASH,Dine-In,30000
205,205,2/16/22,9,Indomie Rasa Sop Buntut,mie-kuah,makanan,2,10000,CASH,Dine-In,20000
206,206,1/2/22,12,Indomie Rasa Empal Gentong,mie-kuah,makanan,2,10000,QRIS-GOPAY,Dine-In,20000
207,207,5/31/22,28,Indomie Rasa Soto Padang,mie-kuah,makanan,3,10000,CASH,Dine-In,30000
208,208,7/18/22,32,Indomie Rasa Soto Padang,mie-kuah,makanan,3,10000,QRIS-SHOPEEPAY,Dine-In,30000
209,209,1/25/22,78,indomie Kari Ayam,mie-kuah,makanan,2,9000,QRIS-OTHERS,Delivery,18000
210,210,8/17/22,16,Indomie Goreng Spesial,mie-goreng,makanan,1,9000,QRIS-GOPAY,Dine-In,9000
211,211,7/5/22,48,indomie Kari Ayam,mie-kuah,makanan,2,9000,QRIS-GOPAY,Dine-In,18000
212,212,8/26/22,29,Indomie Rasa Empal Gentong,mie-kuah,makanan,3,10000,QRIS-OTHERS,Dine-In,30000
213,213,6/29/22,21,indomie Kari Ayam,mie-kuah,makanan,3,9000,QRIS-OVO,Dine-In,27000
214,214,2/15/22,48,Indomie Rasa Soto Banjar Limau Kuit,mie-kuah,makanan,2,10000,QRIS-OVO,Delivery,20000
215,215,2/25/22,15,Indomie Rasa Mi Kocok Bandung,mie-kuah,makanan,3,10000,QRIS-SHOPEEPAY,Delivery,30000
216,216,2/6/22,29,Indomie Rasa Soto Padang,mie-kuah,makanan,1,10000,CASH,Delivery,10000
217,217,8/4/22,30,Indomie Goreng Aceh,mie-goreng,makanan,3,9000,QRIS-GOPAY,Delivery,27000
218,218,7/16/22,51,Indomie Rasa Mi Kocok Bandung,mie-kuah,makanan,1,10000,QRIS-OTHERS,Delivery,10000
219,219,3/26/22,98,Indomie Goreng Spesial,mie-goreng,makanan,3,9000,QRIS-DANA,Delivery,27000
220,220,2/18/22,46,Indomie Rasa Empal Gentong,mie-kuah,makanan,3,10000,QRIS-OVO,Dine-In,30000
221,221,6/19/22,14,Indomie Ayam Spesial,mie-kuah,makanan,1,9000,CASH,Delivery,9000
222,222,4/6/22,18,Indomie Rasa Soto Banjar Limau Kuit,mie-kuah,makanan,1,10000,QRIS-OTHERS,Dine-In,10000
223,223,2/15/22,75,Indomie Rasa Soto Banjar Limau Kuit,mie-kuah,makanan,2,10000,QRIS-OVO,Dine-In,20000
224,224,1/7/22,72,Indomie Baso Sapi,mie-kuah,makanan,2,9000,QRIS-DANA,Dine-In,18000
225,225,5/11/22,87,Indomie Goreng Sambal Matah,mie-goreng,makanan,3,9000,QRIS-GOPAY,Dine-In,27000
226,226,6/27/22,16,Indomie Rasa Soto Padang,mie-kuah,makanan,1,10000,QRIS-OTHERS,Delivery,10000
227,227,7/20/22,20,Indomie Rasa Soto Banjar Limau Kuit,mie-kuah,makanan,2,10000,QRIS-OVO,Dine-In,20000
228,228,8/26/22,32,Indomie Rasa Soto Lamongan,mie-kuah,makanan,1,10000,QRIS-OTHERS,Delivery,10000
229,229,4/29/22,78,Indomie Goreng Sambal Matah,mie-goreng,makanan,1,9000,QRIS-OTHERS,Delivery,9000
230,230,3/20/22,45,Indomie Rasa Empal Gentong,mie-kuah,makanan,2,10000,QRIS-OVO,Dine-In,20000
231,231,6/9/22,66,Indomie Goreng Spesial,mie-goreng,makanan,2,9000,CASH,Dine-In,18000
232,232,1/29/22,50,Indomie Rasa Soto Betawi,mie-kuah,makanan,2,10000,CASH,Dine-In,20000
233,233,3/21/22,2,Indomie Goreng Cabe Ijo,mie-goreng,makanan,3,9000,CASH,Dine-In,27000
234,234,4/29/22,74,Indomie Rasa Soto Banjar Limau Kuit,mie-kuah,makanan,1,10000,QRIS-OTHERS,Dine-In,10000
235,235,6/22/22,72,Indomie Rasa Mi Kocok Bandung,mie-kuah,makanan,1,10000,CASH,Dine-In,10000
236,236,1/24/22,3,Indomie Rasa Soto Banjar Limau Kuit,mie-kuah,makanan,1,10000,QRIS-GOPAY,Delivery,10000
237,237,6/13/22,60,Indomie Rasa Soto Padang,mie-kuah,makanan,2,10000,QRIS-OTHERS,Delivery,20000
238,238,5/31/22,28,Indomie Goreng Sambal Matah,mie-goreng,makanan,3,9000,QRIS-OVO,Delivery,27000
239,239,1/3/22,93,Indomie Ayam Spesial,mie-kuah,makanan,3,9000,QRIS-GOPAY,Delivery,27000
240,240,1/25/22,74,Indomie Goreng Cabe Ijo,mie-goreng,makanan,2,9000,CASH,Delivery,18000
241,241,4/6/22,73,indomie Ayam Bawang,mie-kuah,makanan,1,9000,QRIS-DANA,Delivery,9000
242,242,2/17/22,66,Indomie Ayam Spesial,mie-kuah,makanan,1,9000,CASH,Delivery,9000
243,243,8/8/22,79,Indomie Ayam Spesial,mie-kuah,makanan,3,9000,QRIS-OTHERS,Delivery,27000
244,244,3/22/22,80,Indomie Rasa Mi Kocok Bandung,mie-kuah,makanan,3,10000,QRIS-SHOPEEPAY,Delivery,30000
245,245,4/11/22,74,Indomie Goreng Cabe Ijo,mie-goreng,makanan,3,9000,QRIS-GOPAY,Delivery,27000
246,246,2/9/22,12,Indomie Rasa Soto Lamongan,mie-kuah,makanan,1,10000,QRIS-OVO,Delivery,10000
247,247,3/25/22,42,Indomie Rasa Soto Lamongan,mie-kuah,makanan,1,10000,QRIS-OTHERS,Dine-In,10000
248,248,4/13/22,22,Indomie Rasa Soto Betawi,mie-kuah,makanan,3,10000,QRIS-SHOPEEPAY,Dine-In,30000
249,249,5/12/22,24,Indomie Goreng Spesial,mie-goreng,makanan,2,9000,CASH,Delivery,18000
250,250,4/23/22,100,Indomie Rasa Sop Buntut,mie-kuah,makanan,1,10000,CASH,Delivery,10000
251,251,2/2/22,100,Indomie Goreng Aceh,mie-goreng,makanan,2,9000,CASH,Delivery,18000
252,252,6/18/22,61,Indomie Goreng Aceh,mie-goreng,makanan,2,9000,CASH,Dine-In,18000
253,253,6/11/22,27,Indomie Rasa Soto Betawi,mie-kuah,makanan,3,10000,QRIS-OVO,Dine-In,30000
254,254,5/10/22,64,Indomie Goreng Cabe Ijo,mie-goreng,makanan,1,9000,CASH,Delivery,9000
255,255,1/14/22,21,Indomie Rasa Soto Banjar Limau Kuit,mie-kuah,makanan,1,10000,QRIS-DANA,Dine-In,10000
256,256,1/28/22,80,Indomie Rasa Soto Lamongan,mie-kuah,makanan,3,10000,CASH,Dine-In,30000
257,257,4/11/22,3,Indomie Rasa Soto Padang,mie-kuah,makanan,2,10000,QRIS-DANA,Delivery,20000
258,258,3/26/22,34,Indomie Goreng Sambal Matah,mie-goreng,makanan,1,9000,QRIS-OTHERS,Dine-In,9000
259,259,2/22/22,39,indomie Kari Ayam,mie-kuah,makanan,3,9000,CASH,Delivery,27000
260,260,6/27/22,24,indomie Kari Ayam,mie-kuah,makanan,2,9000,QRIS-DANA,Delivery,18000
261,261,7/20/22,56,Indomie Rasa Soto Lamongan,mie-kuah,makanan,1,10000,CASH,Delivery,10000
262,262,5/14/22,15,Indomie Goreng Aceh,mie-goreng,makanan,3,9000,QRIS-DANA,Delivery,27000
263,263,1/5/22,81,Indomie Goreng Cabe Ijo,mie-goreng,makanan,1,9000,QRIS-OVO,Dine-In,9000
264,264,2/28/22,67,Indomie Goreng Rendang,mie-goreng,makanan,1,9000,QRIS-OVO,Delivery,9000
265,265,2/25/22,91,Indomie Soto Mie,mie-kuah,makanan,3,9000,CASH,Dine-In,27000
266,266,6/30/22,11,Indomie Rasa Mi Kocok Bandung,mie-kuah,makanan,1,10000,QRIS-SHOPEEPAY,Delivery,10000
267,267,8/16/22,64,Indomie Goreng Pedas,mie-goreng,makanan,3,9000,QRIS-OVO,Dine-In,27000
268,268,6/6/22,99,Indomie Rasa Sop Buntut,mie-kuah,makanan,1,10000,QRIS-SHOPEEPAY,Dine-In,10000
269,269,5/11/22,6,Indomie Rasa Mi Kocok Bandung,mie-kuah,makanan,2,10000,QRIS-GOPAY,Delivery,20000
270,270,5/26/22,35,Indomie Ayam Spesial,mie-kuah,makanan,1,9000,QRIS-OTHERS,Delivery,9000
271,271,5/26/22,63,Indomie Rasa Empal Gentong,mie-kuah,makanan,3,10000,QRIS-OTHERS,Dine-In,30000
272,272,7/18/22,27,Indomie Rasa Soto Lamongan,mie-kuah,makanan,2,10000,QRIS-DANA,Dine-In,20000
273,273,5/29/22,63,Indomie Baso Sapi,mie-kuah,makanan,3,9000,QRIS-DANA,Dine-In,27000
274,274,1/6/22,21,indomie Kari Ayam,mie-kuah,makanan,1,9000,QRIS-DANA,Dine-In,9000
275,275,1/10/22,1,Indomie Goreng Aceh,mie-goreng,makanan,2,9000,QRIS-GOPAY,Delivery,18000
276,276,6/7/22,25,Indomie Goreng Rendang,mie-goreng,makanan,3,9000,QRIS-DANA,Dine-In,27000
277,277,8/29/22,92,Indomie Goreng Spesial,mie-goreng,makanan,1,9000,QRIS-DANA,Dine-In,9000
278,278,1/22/22,94,Indomie Rasa Soto Betawi,mie-kuah,makanan,3,10000,QRIS-DANA,Dine-In,30000
279,279,2/23/22,33,Indomie Rasa Sop Buntut,mie-kuah,makanan,2,10000,CASH,Dine-In,20000
280,280,4/27/22,39,Indomie Soto Mie,mie-kuah,makanan,3,9000,QRIS-GOPAY,Dine-In,27000
281,281,5/17/22,64,Indomie Goreng Cabe Ijo,mie-goreng,makanan,3,9000,QRIS-GOPAY,Dine-In,27000
282,282,1/18/22,84,Indomie Rasa Soto Banjar Limau Kuit,mie-kuah,makanan,3,10000,QRIS-GOPAY,Dine-In,30000
283,283,5/3/22,24,Indomie Baso Sapi,mie-kuah,makanan,2,9000,CASH,Delivery,18000
284,284,8/18/22,9,Indomie Rasa Mi Kocok Bandung,mie-kuah,makanan,3,10000,QRIS-GOPAY,Dine-In,30000
285,285,7/23/22,27,Indomie Rasa Soto Betawi,mie-kuah,makanan,3,10000,CASH,Delivery,30000
286,286,7/24/22,23,Indomie Baso Sapi,mie-kuah,makanan,3,9000,QRIS-DANA,Dine-In,27000
287,287,5/29/22,93,Indomie Rasa Mi Kocok Bandung,mie-kuah,makanan,2,10000,QRIS-OTHERS,Delivery,20000
288,288,2/8/22,68,Indomie Goreng Pedas,mie-goreng,makanan,2,9000,QRIS-OVO,Delivery,18000
289,289,2/25/22,24,Indomie Rasa Soto Lamongan,mie-kuah,makanan,1,10000,QRIS-GOPAY,Delivery,10000
290,290,3/22/22,80,Indomie Soto Mie,mie-kuah,makanan,1,9000,QRIS-OTHERS,Delivery,9000
291,291,1/23/22,19,Indomie Goreng Rendang,mie-goreng,makanan,3,9000,QRIS-OTHERS,Dine-In,27000
292,292,4/27/22,48,Indomie Goreng Cabe Ijo,mie-goreng,makanan,1,9000,QRIS-DANA,Dine-In,9000
293,293,3/3/22,79,Indomie Rasa Mi Kocok Bandung,mie-kuah,makanan,2,10000,CASH,Delivery,20000
294,294,8/23/22,28,Indomie Rasa Soto Padang,mie-kuah,makanan,3,10000,QRIS-DANA,Dine-In,30000
295,295,2/22/22,59,indomie Ayam Bawang,mie-kuah,makanan,2,9000,QRIS-GOPAY,Dine-In,18000
296,296,3/6/22,13,Indomie Ayam Spesial,mie-kuah,makanan,3,9000,QRIS-DANA,Delivery,27000
297,297,4/23/22,30,Indomie Goreng Sambal Matah,mie-goreng,makanan,1,9000,QRIS-DANA,Dine-In,9000
298,298,8/30/22,75,Indomie Baso Sapi,mie-kuah,makanan,2,9000,QRIS-OVO,Delivery,18000
299,299,3/27/22,44,Indomie Rasa Empal Gentong,mie-kuah,makanan,1,10000,CASH,Delivery,10000
300,300,5/31/22,37,Indomie Goreng Sambal Matah,mie-goreng,makanan,3,9000,QRIS-DANA,Dine-In,27000
301,301,2/20/22,6,Indomie Rasa Soto Banjar Limau Kuit,mie-kuah,makanan,3,10000,QRIS-GOPAY,Dine-In,30000
302,302,1/8/22,47,Indomie Rasa Sop Buntut,mie-kuah,makanan,3,10000,QRIS-SHOPEEPAY,Dine-In,30000
303,303,2/7/22,9,Indomie Baso Sapi,mie-kuah,makanan,3,9000,QRIS-SHOPEEPAY,Delivery,27000
304,304,7/1/22,95,Indomie Ayam Spesial,mie-kuah,makanan,3,9000,QRIS-OTHERS,Delivery,27000
305,305,4/24/22,37,Indomie Rasa Soto Lamongan,mie-kuah,makanan,3,10000,QRIS-OTHERS,Dine-In,30000
306,306,7/8/22,87,Indomie Goreng Sambal Matah,mie-goreng,makanan,3,9000,QRIS-GOPAY,Delivery,27000
307,307,6/13/22,82,Indomie Goreng Pedas,mie-goreng,makanan,2,9000,QRIS-GOPAY,Delivery,18000
308,308,5/3/22,3,Indomie Rasa Soto Betawi,mie-kuah,makanan,3,10000,CASH,Delivery,30000
309,309,7/23/22,83,Indomie Goreng Sambal Matah,mie-goreng,makanan,1,9000,QRIS-GOPAY,Delivery,9000
310,310,3/25/22,61,indomie Kari Ayam,mie-kuah,makanan,3,9000,QRIS-SHOPEEPAY,Dine-In,27000
311,311,2/12/22,89,Indomie Ayam Spesial,mie-kuah,makanan,2,9000,QRIS-OTHERS,Dine-In,18000
312,312,7/24/22,21,Indomie Goreng Spesial,mie-goreng,makanan,3,9000,QRIS-DANA,Delivery,27000
313,313,2/7/22,9,indomie Kari Ayam,mie-kuah,makanan,1,9000,QRIS-DANA,Dine-In,9000
314,314,1/14/22,16,Indomie Rasa Sop Buntut,mie-kuah,makanan,1,10000,QRIS-SHOPEEPAY,Delivery,10000
315,315,7/12/22,82,Indomie Goreng Spesial,mie-goreng,makanan,1,9000,CASH,Dine-In,9000
316,316,6/22/22,49,Indomie Baso Sapi,mie-kuah,makanan,3,9000,QRIS-DANA,Dine-In,27000
317,317,2/4/22,22,Indomie Goreng Cabe Ijo,mie-goreng,makanan,1,9000,QRIS-DANA,Dine-In,9000
318,318,6/22/22,74,Indomie Goreng Rendang,mie-goreng,makanan,1,9000,QRIS-GOPAY,Delivery,9000
319,319,6/6/22,79,Indomie Goreng Rendang,mie-goreng,makanan,2,9000,QRIS-SHOPEEPAY,Delivery,18000
320,320,3/15/22,56,Indomie Rasa Soto Banjar Limau Kuit,mie-kuah,makanan,3,10000,QRIS-SHOPEEPAY,Delivery,30000
321,321,8/23/22,80,Indomie Goreng Spesial,mie-goreng,makanan,3,9000,QRIS-DANA,Delivery,27000
322,322,8/11/22,66,Indomie Goreng Aceh,mie-goreng,makanan,2,9000,QRIS-SHOPEEPAY,Delivery,18000
323,323,1/26/22,82,Indomie Goreng Spesial,mie-goreng,makanan,2,9000,QRIS-DANA,Dine-In,18000
324,324,5/17/22,8,Indomie Goreng Spesial,mie-goreng,makanan,2,9000,CASH,Dine-In,18000
325,325,1/11/22,70,Indomie Rasa Soto Betawi,mie-kuah,makanan,2,10000,CASH,Delivery,20000
326,326,7/15/22,20,Indomie Rasa Mi Kocok Bandung,mie-kuah,makanan,3,10000,CASH,Delivery,30000
327,327,5/31/22,79,Indomie Rasa Soto Betawi,mie-kuah,makanan,1,10000,QRIS-GOPAY,Delivery,10000
328,328,4/7/22,69,Indomie Rasa Soto Betawi,mie-kuah,makanan,1,10000,QRIS-DANA,Dine-In,10000
329,329,4/1/22,52,Indomie Goreng Rendang,mie-goreng,makanan,2,9000,QRIS-GOPAY,Dine-In,18000
330,330,6/5/22,8,Indomie Rasa Sop Buntut,mie-kuah,makanan,3,10000,QRIS-DANA,Dine-In,30000
331,331,2/20/22,68,Indomie Rasa Empal Gentong,mie-kuah,makanan,1,10000,QRIS-DANA,Dine-In,10000
332,332,2/15/22,84,Indomie Soto Mie,mie-kuah,makanan,3,9000,CASH,Delivery,27000
333,333,1/5/22,74,Indomie Goreng Pedas,mie-goreng,makanan,1,9000,CASH,Dine-In,9000
334,334,7/30/22,39,indomie Ayam Bawang,mie-kuah,makanan,2,9000,QRIS-OTHERS,Dine-In,18000
335,335,5/15/22,54,Indomie Rasa Mi Kocok Bandung,mie-kuah,makanan,2,10000,QRIS-OVO,Dine-In,20000
336,336,7/19/22,80,Indomie Goreng Spesial,mie-goreng,makanan,1,9000,QRIS-OVO,Delivery,9000
337,337,4/26/22,21,Indomie Rasa Soto Betawi,mie-kuah,makanan,1,10000,QRIS-DANA,Delivery,10000
338,338,7/10/22,26,Indomie Rasa Soto Betawi,mie-kuah,makanan,1,10000,CASH,Delivery,10000
339,339,2/5/22,78,Indomie Goreng Cabe Ijo,mie-goreng,makanan,3,9000,QRIS-OVO,Delivery,27000
340,340,6/8/22,69,Indomie Goreng Sambal Matah,mie-goreng,makanan,1,9000,QRIS-OTHERS,Delivery,9000
341,341,1/14/22,96,Indomie Rasa Mi Kocok Bandung,mie-kuah,makanan,3,10000,QRIS-OVO,Dine-In,30000
342,342,1/28/22,96,indomie Ayam Bawang,mie-kuah,makanan,1,9000,QRIS-OTHERS,Dine-In,9000
343,343,7/19/22,49,Indomie Rasa Soto Betawi,mie-kuah,makanan,2,10000,CASH,Dine-In,20000
344,344,7/8/22,44,Indomie Rasa Soto Banjar Limau Kuit,mie-kuah,makanan,1,10000,CASH,Dine-In,10000
345,345,3/15/22,30,Indomie Rasa Sop Buntut,mie-kuah,makanan,2,10000,CASH,Delivery,20000
346,346,4/20/22,7,indomie Kari Ayam,mie-kuah,makanan,2,9000,QRIS-OVO,Dine-In,18000
347,347,1/3/22,79,Indomie Rasa Soto Lamongan,mie-kuah,makanan,1,10000,QRIS-OTHERS,Dine-In,10000
348,348,8/6/22,39,Indomie Rasa Soto Banjar Limau Kuit,mie-kuah,makanan,2,10000,CASH,Dine-In,20000
349,349,1/7/22,54,Indomie Rasa Soto Banjar Limau Kuit,mie-kuah,makanan,2,10000,QRIS-DANA,Dine-In,20000
350,350,5/27/22,6,Indomie Rasa Empal Gentong,mie-kuah,makanan,3,10000,QRIS-SHOPEEPAY,Delivery,30000
351,351,4/25/22,29,Indomie Rasa Soto Padang,mie-kuah,makanan,3,10000,QRIS-GOPAY,Dine-In,30000
352,352,3/10/22,32,Indomie Goreng Pedas,mie-goreng,makanan,3,9000,QRIS-DANA,Dine-In,27000
353,353,5/17/22,83,Indomie Rasa Soto Betawi,mie-kuah,makanan,2,10000,CASH,Delivery,20000
354,354,3/25/22,77,Indomie Rasa Soto Banjar Limau Kuit,mie-kuah,makanan,1,10000,QRIS-SHOPEEPAY,Delivery,10000
355,355,1/16/22,68,Indomie Goreng Rendang,mie-goreng,makanan,1,9000,QRIS-GOPAY,Dine-In,9000
356,356,2/28/22,36,Indomie Rasa Soto Betawi,mie-kuah,makanan,2,10000,QRIS-OVO,Dine-In,20000
357,357,8/14/22,4,Indomie Rasa Soto Betawi,mie-kuah,makanan,2,10000,QRIS-DANA,Dine-In,20000
358,358,1/10/22,68,indomie Ayam Bawang,mie-kuah,makanan,1,9000,CASH,Delivery,9000
359,359,1/10/22,26,Indomie Rasa Soto Lamongan,mie-kuah,makanan,1,10000,QRIS-DANA,Dine-In,10000
360,360,8/16/22,100,Indomie Soto Mie,mie-kuah,makanan,2,9000,QRIS-SHOPEEPAY,Delivery,18000
361,361,8/10/22,58,Indomie Goreng Cabe Ijo,mie-goreng,makanan,3,9000,QRIS-GOPAY,Delivery,27000
362,362,1/11/22,96,Indomie Goreng Rendang,mie-goreng,makanan,2,9000,QRIS-SHOPEEPAY,Dine-In,18000
363,363,5/12/22,84,Indomie Rasa Soto Lamongan,mie-kuah,makanan,2,10000,QRIS-DANA,Delivery,20000
364,364,6/7/22,12,Indomie Goreng Cabe Ijo,mie-goreng,makanan,2,9000,QRIS-SHOPEEPAY,Delivery,18000
365,365,5/12/22,7,Indomie Rasa Soto Betawi,mie-kuah,makanan,3,10000,QRIS-OTHERS,Delivery,30000
366,366,7/31/22,69,Indomie Rasa Empal Gentong,mie-kuah,makanan,3,10000,QRIS-OTHERS,Delivery,30000
367,367,5/29/22,48,Indomie Goreng Cabe Ijo,mie-goreng,makanan,1,9000,QRIS-GOPAY,Delivery,9000
368,368,4/26/22,39,Indomie Goreng Cabe Ijo,mie-goreng,makanan,2,9000,QRIS-SHOPEEPAY,Dine-In,18000
369,369,4/18/22,18,Indomie Rasa Soto Banjar Limau Kuit,mie-kuah,makanan,3,10000,QRIS-OVO,Dine-In,30000
370,370,2/21/22,52,Indomie Rasa Soto Betawi,mie-kuah,makanan,3,10000,QRIS-GOPAY,Delivery,30000
371,371,1/27/22,94,Indomie Goreng Rendang,mie-goreng,makanan,2,9000,CASH,Dine-In,18000
372,372,1/30/22,18,Indomie Goreng Pedas,mie-goreng,makanan,1,9000,QRIS-GOPAY,Dine-In,9000
373,373,6/19/22,1,Indomie Rasa Soto Betawi,mie-kuah,makanan,1,10000,QRIS-DANA,Dine-In,10000
374,374,6/24/22,8,Indomie Rasa Soto Betawi,mie-kuah,makanan,2,10000,CASH,Delivery,20000
375,375,4/7/22,80,Indomie Baso Sapi,mie-kuah,makanan,1,9000,QRIS-SHOPEEPAY,Dine-In,9000
376,376,4/9/22,56,Indomie Rasa Empal Gentong,mie-kuah,makanan,2,10000,QRIS-OVO,Delivery,20000
377,377,3/6/22,38,Indomie Baso Sapi,mie-kuah,makanan,2,9000,CASH,Delivery,18000
378,378,6/18/22,60,Indomie Ayam Spesial,mie-kuah,makanan,3,9000,QRIS-DANA,Delivery,27000
379,379,7/10/22,75,Indomie Rasa Empal Gentong,mie-kuah,makanan,1,10000,QRIS-SHOPEEPAY,Dine-In,10000
380,380,2/24/22,40,Indomie Rasa Soto Lamongan,mie-kuah,makanan,1,10000,QRIS-GOPAY,Dine-In,10000
381,381,5/15/22,32,Indomie Goreng Spesial,mie-goreng,makanan,1,9000,QRIS-SHOPEEPAY,Delivery,9000
382,382,5/5/22,56,indomie Kari Ayam,mie-kuah,makanan,3,9000,QRIS-OTHERS,Dine-In,27000
383,383,5/22/22,5,Indomie Goreng Cabe Ijo,mie-goreng,makanan,2,9000,QRIS-OTHERS,Dine-In,18000
384,384,3/14/22,9,Indomie Rasa Sop Buntut,mie-kuah,makanan,2,10000,QRIS-GOPAY,Dine-In,20000
385,385,7/1/22,18,Indomie Rasa Sop Buntut,mie-kuah,makanan,1,10000,CASH,Delivery,10000
386,386,1/20/22,15,Indomie Goreng Pedas,mie-goreng,makanan,1,9000,QRIS-GOPAY,Dine-In,9000
387,387,4/21/22,19,Indomie Rasa Soto Banjar Limau Kuit,mie-kuah,makanan,2,10000,QRIS-GOPAY,Dine-In,20000
388,388,8/5/22,7,Indomie Goreng Rendang,mie-goreng,makanan,2,9000,QRIS-OTHERS,Dine-In,18000
389,389,7/5/22,2,Indomie Rasa Empal Gentong,mie-kuah,makanan,1,10000,QRIS-SHOPEEPAY,Dine-In,10000
390,390,7/23/22,97,indomie Kari Ayam,mie-kuah,makanan,1,9000,QRIS-GOPAY,Delivery,9000
391,391,8/20/22,36,Indomie Rasa Empal Gentong,mie-kuah,makanan,2,10000,CASH,Dine-In,20000
392,392,3/18/22,9,Indomie Goreng Spesial,mie-goreng,makanan,1,9000,QRIS-DANA,Delivery,9000
393,393,7/17/22,85,Indomie Goreng Pedas,mie-goreng,makanan,2,9000,CASH,Delivery,18000
394,394,7/24/22,88,Indomie Rasa Soto Betawi,mie-kuah,makanan,2,10000,QRIS-OVO,Delivery,20000
395,395,8/29/22,98,Indomie Rasa Soto Padang,mie-kuah,makanan,2,10000,QRIS-DANA,Dine-In,20000
396,396,7/3/22,57,Indomie Soto Mie,mie-kuah,makanan,2,9000,QRIS-OVO,Delivery,18000
397,397,8/17/22,74,Indomie Goreng Rendang,mie-goreng,makanan,1,9000,QRIS-SHOPEEPAY,Dine-In,9000
398,398,4/20/22,52,Indomie Rasa Soto Lamongan,mie-kuah,makanan,3,10000,QRIS-GOPAY,Delivery,30000
399,399,4/21/22,46,Indomie Rasa Soto Lamongan,mie-kuah,makanan,1,10000,CASH,Dine-In,10000
400,400,3/27/22,34,indomie Ayam Bawang,mie-kuah,makanan,3,9000,QRIS-GOPAY,Delivery,27000
401,401,3/7/22,70,Indomie Rasa Soto Padang,mie-kuah,makanan,3,10000,QRIS-OTHERS,Dine-In,30000
402,402,5/27/22,66,Indomie Goreng Rendang,mie-goreng,makanan,2,9000,QRIS-OTHERS,Dine-In,18000
403,403,4/17/22,56,Indomie Rasa Sop Buntut,mie-kuah,makanan,2,10000,CASH,Delivery,20000
404,404,2/7/22,6,Indomie Baso Sapi,mie-kuah,makanan,3,9000,QRIS-OTHERS,Delivery,27000
405,405,5/7/22,87,indomie Kari Ayam,mie-kuah,makanan,3,9000,QRIS-OTHERS,Dine-In,27000
406,406,3/6/22,97,Indomie Goreng Spesial,mie-goreng,makanan,2,9000,QRIS-GOPAY,Delivery,18000
407,407,5/16/22,72,Indomie Baso Sapi,mie-kuah,makanan,2,9000,QRIS-OVO,Delivery,18000
408,408,5/18/22,84,Indomie Rasa Soto Betawi,mie-kuah,makanan,2,10000,QRIS-OVO,Dine-In,20000
409,409,5/17/22,38,indomie Kari Ayam,mie-kuah,makanan,1,9000,QRIS-DANA,Delivery,9000
410,410,3/12/22,53,indomie Kari Ayam,mie-kuah,makanan,3,9000,QRIS-DANA,Delivery,27000
411,411,5/2/22,10,Indomie Rasa Sop Buntut,mie-kuah,makanan,2,10000,QRIS-OVO,Dine-In,20000
412,412,4/8/22,94,Indomie Ayam Spesial,mie-kuah,makanan,3,9000,CASH,Dine-In,27000
413,413,1/28/22,91,Indomie Goreng Pedas,mie-goreng,makanan,3,9000,QRIS-OVO,Dine-In,27000
414,414,7/23/22,73,Indomie Rasa Empal Gentong,mie-kuah,makanan,2,10000,QRIS-OVO,Dine-In,20000
415,415,2/26/22,55,Indomie Goreng Cabe Ijo,mie-goreng,makanan,1,9000,QRIS-DANA,Dine-In,9000
416,416,3/23/22,11,Indomie Rasa Soto Betawi,mie-kuah,makanan,1,10000,QRIS-GOPAY,Dine-In,10000
417,417,4/9/22,11,Indomie Rasa Sop Buntut,mie-kuah,makanan,1,10000,QRIS-SHOPEEPAY,Dine-In,10000
418,418,5/24/22,63,Indomie Goreng Pedas,mie-goreng,makanan,2,9000,QRIS-GOPAY,Dine-In,18000
419,419,6/11/22,83,Indomie Goreng Pedas,mie-goreng,makanan,3,9000,QRIS-SHOPEEPAY,Delivery,27000
420,420,5/10/22,2,Indomie Rasa Sop Buntut,mie-kuah,makanan,1,10000,QRIS-GOPAY,Dine-In,10000
421,421,2/6/22,59,Indomie Rasa Empal Gentong,mie-kuah,makanan,3,10000,QRIS-OVO,Delivery,30000
422,422,5/28/22,34,indomie Kari Ayam,mie-kuah,makanan,3,9000,QRIS-SHOPEEPAY,Dine-In,27000
423,423,7/18/22,99,Indomie Goreng Cabe Ijo,mie-goreng,makanan,1,9000,QRIS-DANA,Dine-In,9000
424,424,6/22/22,53,Indomie Baso Sapi,mie-kuah,makanan,2,9000,QRIS-GOPAY,Dine-In,18000
425,425,3/31/22,40,Indomie Goreng Sambal Matah,mie-goreng,makanan,1,9000,QRIS-OVO,Delivery,9000
426,426,3/14/22,34,Indomie Soto Mie,mie-kuah,makanan,1,9000,CASH,Dine-In,9000
427,427,7/20/22,21,Indomie Rasa Soto Banjar Limau Kuit,mie-kuah,makanan,3,10000,QRIS-DANA,Delivery,30000
428,428,6/3/22,50,Indomie Rasa Soto Banjar Limau Kuit,mie-kuah,makanan,2,10000,CASH,Dine-In,20000
429,429,1/25/22,13,Indomie Soto Mie,mie-kuah,makanan,3,9000,QRIS-GOPAY,Dine-In,27000
430,430,5/10/22,89,Indomie Goreng Aceh,mie-goreng,makanan,1,9000,QRIS-DANA,Delivery,9000
431,431,5/13/22,55,indomie Ayam Bawang,mie-kuah,makanan,3,9000,QRIS-SHOPEEPAY,Dine-In,27000
432,432,5/29/22,42,indomie Kari Ayam,mie-kuah,makanan,3,9000,CASH,Delivery,27000
433,433,8/21/22,10,Indomie Goreng Sambal Matah,mie-goreng,makanan,2,9000,CASH,Delivery,18000
434,434,5/24/22,4,Indomie Rasa Sop Buntut,mie-kuah,makanan,3,10000,QRIS-OTHERS,Dine-In,30000
435,435,2/6/22,33,Indomie Goreng Aceh,mie-goreng,makanan,1,9000,QRIS-SHOPEEPAY,Delivery,9000
436,436,6/2/22,52,Indomie Rasa Soto Padang,mie-kuah,makanan,1,10000,QRIS-DANA,Delivery,10000
437,437,3/30/22,71,Indomie Rasa Mi Kocok Bandung,mie-kuah,makanan,2,10000,QRIS-DANA,Delivery,20000
438,438,3/2/22,23,Indomie Goreng Aceh,mie-goreng,makanan,1,9000,QRIS-SHOPEEPAY,Dine-In,9000
439,439,8/19/22,39,Indomie Rasa Soto Betawi,mie-kuah,makanan,2,10000,QRIS-OVO,Delivery,20000
440,440,3/3/22,85,Indomie Rasa Empal Gentong,mie-kuah,makanan,3,10000,QRIS-OVO,Dine-In,30000
441,441,4/25/22,90,Indomie Goreng Cabe Ijo,mie-goreng,makanan,2,9000,QRIS-GOPAY,Dine-In,18000
442,442,8/27/22,15,Indomie Rasa Soto Betawi,mie-kuah,makanan,2,10000,QRIS-GOPAY,Dine-In,20000
443,443,5/2/22,78,Indomie Rasa Soto Banjar Limau Kuit,mie-kuah,makanan,1,10000,QRIS-DANA,Dine-In,10000
444,444,7/19/22,59,Indomie Rasa Soto Banjar Limau Kuit,mie-kuah,makanan,3,10000,QRIS-SHOPEEPAY,Dine-In,30000
445,445,7/31/22,16,Indomie Rasa Mi Kocok Bandung,mie-kuah,makanan,2,10000,QRIS-GOPAY,Delivery,20000
446,446,1/1/22,76,Indomie Baso Sapi,mie-kuah,makanan,2,9000,QRIS-GOPAY,Dine-In,18000
447,447,4/26/22,11,Indomie Goreng Aceh,mie-goreng,makanan,2,9000,CASH,Delivery,18000
448,448,1/7/22,48,indomie Ayam Bawang,mie-kuah,makanan,3,9000,CASH,Dine-In,27000
449,449,4/20/22,84,indomie Ayam Bawang,mie-kuah,makanan,3,9000,QRIS-OTHERS,Dine-In,27000
450,450,1/27/22,65,Indomie Soto Mie,mie-kuah,makanan,1,9000,QRIS-OVO,Dine-In,9000
451,451,6/3/22,35,Indomie Soto Mie,mie-kuah,makanan,2,9000,QRIS-SHOPEEPAY,Dine-In,18000
452,452,5/24/22,90,Indomie Goreng Pedas,mie-goreng,makanan,1,9000,QRIS-SHOPEEPAY,Dine-In,9000
453,453,4/15/22,8,Indomie Rasa Soto Padang,mie-kuah,makanan,1,10000,QRIS-DANA,Delivery,10000
454,454,7/12/22,10,Indomie Rasa Soto Banjar Limau Kuit,mie-kuah,makanan,2,10000,QRIS-OVO,Dine-In,20000
455,455,1/23/22,43,Indomie Goreng Aceh,mie-goreng,makanan,2,9000,QRIS-OTHERS,Delivery,18000
456,456,5/19/22,61,Indomie Rasa Mi Kocok Bandung,mie-kuah,makanan,2,10000,QRIS-OVO,Dine-In,20000
457,457,2/10/22,32,indomie Ayam Bawang,mie-kuah,makanan,2,9000,QRIS-OVO,Delivery,18000
458,458,7/8/22,42,indomie Ayam Bawang,mie-kuah,makanan,1,9000,QRIS-OTHERS,Delivery,9000
459,459,1/29/22,79,Indomie Rasa Soto Padang,mie-kuah,makanan,2,10000,QRIS-OTHERS,Dine-In,20000
460,460,5/9/22,32,indomie Kari Ayam,mie-kuah,makanan,1,9000,QRIS-OTHERS,Dine-In,9000
461,461,4/8/22,37,Indomie Ayam Spesial,mie-kuah,makanan,2,9000,QRIS-OVO,Delivery,18000
462,462,8/29/22,42,Indomie Rasa Sop Buntut,mie-kuah,makanan,2,10000,QRIS-GOPAY,Dine-In,20000
463,463,5/1/22,6,Indomie Ayam Spesial,mie-kuah,makanan,1,9000,QRIS-OVO,Delivery,9000
464,464,2/19/22,16,Indomie Rasa Sop Buntut,mie-kuah,makanan,2,10000,QRIS-GOPAY,Dine-In,20000
465,465,5/16/22,53,Indomie Rasa Soto Lamongan,mie-kuah,makanan,1,10000,CASH,Delivery,10000
466,466,5/21/22,16,Indomie Rasa Soto Banjar Limau Kuit,mie-kuah,makanan,1,10000,QRIS-SHOPEEPAY,Delivery,10000
467,467,3/4/22,9,Indomie Rasa Soto Betawi,mie-kuah,makanan,2,10000,QRIS-GOPAY,Delivery,20000
468,468,2/18/22,27,Indomie Goreng Pedas,mie-goreng,makanan,2,9000,CASH,Delivery,18000
469,469,6/6/22,40,Indomie Rasa Soto Padang,mie-kuah,makanan,2,10000,QRIS-GOPAY,Dine-In,20000
470,470,3/16/22,54,Indomie Rasa Empal Gentong,mie-kuah,makanan,2,10000,QRIS-OTHERS,Dine-In,20000
471,471,2/22/22,32,indomie Kari Ayam,mie-kuah,makanan,1,9000,QRIS-OVO,Delivery,9000
472,472,6/13/22,10,Indomie Soto Mie,mie-kuah,makanan,2,9000,QRIS-OTHERS,Delivery,18000
473,473,8/21/22,23,Indomie Rasa Soto Banjar Limau Kuit,mie-kuah,makanan,2,10000,QRIS-OTHERS,Dine-In,20000
474,474,6/4/22,11,Indomie Rasa Soto Padang,mie-kuah,makanan,3,10000,QRIS-OVO,Delivery,30000
475,475,4/8/22,82,Indomie Goreng Spesial,mie-goreng,makanan,3,9000,CASH,Dine-In,27000
476,476,2/9/22,70,Indomie Goreng Pedas,mie-goreng,makanan,3,9000,QRIS-DANA,Delivery,27000
477,477,7/21/22,84,Indomie Rasa Empal Gentong,mie-kuah,makanan,2,10000,QRIS-DANA,Delivery,20000
478,478,6/27/22,57,Indomie Rasa Soto Betawi,mie-kuah,makanan,2,10000,QRIS-DANA,Delivery,20000
479,479,5/7/22,96,indomie Ayam Bawang,mie-kuah,makanan,1,9000,QRIS-OTHERS,Delivery,9000
480,480,7/14/22,63,Indomie Rasa Empal Gentong,mie-kuah,makanan,3,10000,QRIS-SHOPEEPAY,Dine-In,30000
481,481,6/20/22,35,Indomie Goreng Spesial,mie-goreng,makanan,3,9000,QRIS-SHOPEEPAY,Delivery,27000
482,482,2/8/22,67,indomie Kari Ayam,mie-kuah,makanan,1,9000,QRIS-GOPAY,Delivery,9000
483,483,7/25/22,79,Indomie Goreng Sambal Matah,mie-goreng,makanan,3,9000,QRIS-GOPAY,Delivery,27000
484,484,4/7/22,46,Indomie Ayam Spesial,mie-kuah,makanan,2,9000,QRIS-DANA,Delivery,18000
485,485,8/16/22,5,Indomie Goreng Aceh,mie-goreng,makanan,2,9000,QRIS-OVO,Delivery,18000
486,486,7/30/22,57,Indomie Rasa Empal Gentong,mie-kuah,makanan,3,10000,QRIS-GOPAY,Delivery,30000
487,487,1/26/22,53,Indomie Goreng Cabe Ijo,mie-goreng,makanan,2,9000,QRIS-OTHERS,Dine-In,18000
488,488,6/1/22,16,Indomie Rasa Soto Padang,mie-kuah,makanan,2,10000,QRIS-OVO,Delivery,20000
489,489,6/13/22,59,Indomie Rasa Soto Betawi,mie-kuah,makanan,2,10000,QRIS-DANA,Dine-In,20000
490,490,7/4/22,55,Indomie Baso Sapi,mie-kuah,makanan,2,9000,QRIS-SHOPEEPAY,Dine-In,18000
491,491,5/14/22,58,indomie Ayam Bawang,mie-kuah,makanan,3,9000,QRIS-OVO,Dine-In,27000
492,492,6/22/22,59,Indomie Rasa Soto Lamongan,mie-kuah,makanan,2,10000,CASH,Delivery,20000
493,493,7/15/22,96,Indomie Goreng Spesial,mie-goreng,makanan,3,9000,QRIS-OVO,Delivery,27000
494,494,8/1/22,69,Indomie Rasa Soto Banjar Limau Kuit,mie-kuah,makanan,3,10000,QRIS-GOPAY,Delivery,30000
495,495,5/17/22,11,Indomie Baso Sapi,mie-kuah,makanan,1,9000,CASH,Delivery,9000
496,496,6/6/22,55,Indomie Goreng Spesial,mie-goreng,makanan,1,9000,QRIS-GOPAY,Delivery,9000
497,497,7/14/22,25,Indomie Goreng Rendang,mie-goreng,makanan,2,9000,QRIS-GOPAY,Delivery,18000
498,498,8/22/22,39,Indomie Goreng Pedas,mie-goreng,makanan,2,9000,QRIS-DANA,Delivery,18000
499,499,6/21/22,79,Indomie Soto Mie,mie-kuah,makanan,1,9000,QRIS-OVO,Dine-In,9000